<?xml version="1.0" encoding="UTF-8"?>
<project-private xmlns="http://www.netbeans.org/ns/project-private/1">
    <editor-bookmarks xmlns="http://www.netbeans.org/ns/editor-bookmarks/2" lastBookmarkId="0"/>
    <open-files xmlns="http://www.netbeans.org/ns/projectui-open-files/2">
        <group>
            <file>file:/C:/Users/denil/OneDrive/Escritorio/Javafx/NetBeansProjects/Sistema_de_tickes/src/sistema_de_tickes/MenuUsuarioController.java</file>
            <file>file:/C:/Users/denil/OneDrive/Escritorio/Javafx/NetBeansProjects/Sistema_de_tickes/src/Modelos/Departamento.java</file>
            <file>file:/C:/Users/denil/OneDrive/Escritorio/Javafx/NetBeansProjects/Sistema_de_tickes/src/Modelos/Tickets.java</file>
            <file>file:/C:/Users/denil/OneDrive/Escritorio/Javafx/NetBeansProjects/Sistema_de_tickes/src/sistema_de_tickes/LoginController.java</file>
            <file>file:/C:/Users/denil/OneDrive/Escritorio/Javafx/NetBeansProjects/Sistema_de_tickes/src/Modelos/Estado_Ticket.java</file>
            <file>file:/C:/Users/denil/OneDrive/Escritorio/Javafx/NetBeansProjects/Sistema_de_tickes/src/Modelos/Gestion_De_Tickets.java</file>
            <file>file:/C:/Users/denil/OneDrive/Escritorio/Javafx/NetBeansProjects/Sistema_de_tickes/src/sistema_de_tickes/Estado_de_tikcetController.java</file>
            <file>file:/C:/Users/denil/OneDrive/Escritorio/Javafx/NetBeansProjects/Sistema_de_tickes/src/sistema_de_tickes/NotaController.java</file>
            <file>file:/C:/Users/denil/OneDrive/Escritorio/Javafx/NetBeansProjects/Sistema_de_tickes/src/sistema_de_tickes/Solicitudes_pendienesController.java</file>
            <file>file:/C:/Users/denil/OneDrive/Escritorio/Javafx/NetBeansProjects/Sistema_de_tickes/src/sistema_de_tickes/TicketController.java</file>
            <file>file:/C:/Users/denil/OneDrive/Escritorio/Javafx/NetBeansProjects/Sistema_de_tickes/src/Modelos/HistorialCambios.java</file>
            <file>file:/C:/Users/denil/OneDrive/Escritorio/Javafx/NetBeansProjects/Sistema_de_tickes/src/sistema_de_tickes/SistemaController.java</file>
            <file>file:/C:/Users/denil/OneDrive/Escritorio/Javafx/NetBeansProjects/Sistema_de_tickes/src/sistema_de_tickes/FlujodeTrabajoController.java</file>
            <file>file:/C:/Users/denil/OneDrive/Escritorio/Javafx/NetBeansProjects/Sistema_de_tickes/src/sistema_de_tickes/UsuariosController.java</file>
            <file>file:/C:/Users/denil/OneDrive/Escritorio/Javafx/NetBeansProjects/Sistema_de_tickes/src/Modelos/Login.java</file>
            <file>file:/C:/Users/denil/OneDrive/Escritorio/Javafx/NetBeansProjects/Sistema_de_tickes/src/sistema_de_tickes/Historial1Controller.java</file>
            <file>file:/C:/Users/denil/OneDrive/Escritorio/Javafx/NetBeansProjects/Sistema_de_tickes/src/Modelos/Estado.java</file>
            <file>file:/C:/Users/denil/OneDrive/Escritorio/Javafx/NetBeansProjects/Sistema_de_tickes/src/Modelos/Ticket_Historial.java</file>
            <file>file:/C:/Users/denil/OneDrive/Escritorio/Javafx/NetBeansProjects/Sistema_de_tickes/src/Modelos/Flujo_De_Trabajo_Ticket.java</file>
        </group>
    </open-files>
</project-private>
